Table with row headers in column A and column headers in rows 5 through 6.,,,,,,,,,,
"Table 4a. Reported Voting and Registration of the Total Voting-Age Population, by Sex, Race and Hispanic Origin, for States: November 2004",,,,,,,,,,
(In thousands),,,,,,,,,,
(leading dots indicate subpart),,,,,,,,,,
"State, sex, race, and Hispanic origin",Population 18 and over,Total citizen,,,Total registered,,,Total voted,,
"State, sex, race, and Hispanic origin",Population 18 and over,Total  ,Percent citizen (18+),Margin of error1,Total  ,Percent registered (18+),Margin of error1,Total  ,Percent voted (18+),Margin of error1
UNITED STATES,,,,,,,,,,
.Total,215694,197005,91.3,0.2,142070,65.9,0.3,125736,58.3,0.3
.Male,103812,94147,90.7,0.3,66406,64,0.4,58455,56.3,0.4
.Female,111882,102858,91.9,0.2,75663,67.6,0.4,67281,60.1,0.4
.White alone,176618,162958,92.3,0.2,119929,67.9,0.3,106588,60.3,0.3
..White non-Hispanic alone,151410,148159,97.9,0.1,111318,73.5,0.3,99567,65.8,0.3
.Black alone,24910,23346,93.7,0.5,16035,64.4,1,14016,56.3,1.1
.Asian alone,9291,6270,67.5,1.7,3247,35,1.8,2768,29.8,1.7
.Hispanic (of any race),27129,16088,59.3,1.3,9308,34.3,1.3,7587,28,1.2
.White alone or in combination,179050,165244,92.3,0.2,121527,67.9,0.3,107930,60.3,0.3
..White non-Hispanic alone or in combination,153399,150128,97.9,0.1,112703,73.5,0.3,100726,65.7,0.3
.Black alone or in combination ,25510,23908,93.7,0.5,16408,64.3,1,14324,56.1,1.1
.Asian alone or in combination,9721,6686,68.8,1.7,3508,36.1,1.7,2980,30.7,1.7
ALABAMA,,,,,,,,,,
.Total,3332,3257,97.8,0.7,2418,72.6,2.1,2060,61.8,2.3
.Male,1568,1521,97,1.2,1109,70.7,3.1,935,59.6,3.4
.Female,1764,1736,98.4,0.8,1309,74.2,2.9,1125,63.8,3.1
.White alone,2450,2400,97.9,0.8,1808,73.8,2.4,1523,62.2,2.7
..White non-Hispanic alone,2412,2392,99.2,0.5,1806,74.9,2.4,1522,63.1,2.7
.Black alone,799,799,100,-,583,72.9,5.2,511,63.9,5.6
.Asian alone,40,15,(B),(B),4,(B),(B),4,(B),(B)
.Hispanic (of any race),39,8,(B),(B),2,(B),(B),2,(B),(B)
.White alone or in combination,2474,2424,98,0.8,1823,73.7,2.4,1539,62.2,2.7
..White non-Hispanic alone or in combination,2435,2415,99.2,0.5,1822,74.8,2.4,1537,63.1,2.7
.Black alone or in combination ,806,806,100,-,590,73.2,5.2,517,64.2,5.6
.Asian alone or in combination,40,15,(B),(B),4,(B),(B),4,(B),(B)
ALASKA,,,,,,,,,,
.Total,451,434,96.2,0.9,334,74,2,293,65,2.2
.Male,224,219,97.8,1,168,74.8,2.8,146,65.1,3.1
.Female,227,215,94.5,1.5,167,73.3,2.9,148,64.9,3.1
.White alone,359,350,97.3,0.8,278,77.3,2.2,249,69.3,2.4
..White non-Hispanic alone,343,336,98.1,0.7,269,78.4,2.2,241,70.4,2.4
.Black alone,13,13,(B),(B),9,(B),(B),8,(B),(B)
.Asian alone,24,17,(B),(B),9,(B),(B),7,(B),(B)
.Hispanic (of any race),22,18,(B),(B),13,(B),(B),10,(B),(B)
.White alone or in combination,376,367,97.4,0.8,290,77,2.1,259,68.9,2.3
..White non-Hispanic alone or in combination,359,352,98.1,0.7,280,78,2.1,251,69.9,2.4
.Black alone or in combination ,15,14,(B),(B),11,(B),(B),9,(B),(B)
.Asian alone or in combination,25,18,(B),(B),10,(B),(B),8,(B),(B)
ARIZONA,,,,,,,,,,
.Total,4122,3508,85.1,1.7,2485,60.3,2.3,2239,54.3,2.3
.Male,2008,1687,84,2.5,1166,58,3.3,1034,51.5,3.4
.Female,2114,1822,86.2,2.3,1319,62.4,3.2,1205,57,3.3
.Non-Hispanic White,3747,3168,84.5,1.8,2305,61.5,2.4,2094,55.9,2.5
.White alone,3747,3168,84.5,1.8,2305,61.5,2.4,2094,55.9,2.5
..White non-Hispanic alone,2622,2564,97.8,0.9,1962,74.8,2.6,1803,68.8,2.7
.Black alone,142,136,95.7,6.2,81,57,15.2,66,46.6,15.3
.Asian alone,57,38,(B),(B),20,(B),(B),17,(B),(B)
.Hispanic (of any race),1160,629,54.2,7,354,30.5,6.4,296,25.5,6.1
.White alone or in combination,3779,3196,84.6,1.8,2320,61.4,2.4,2109,55.8,2.4
..White non-Hispanic alone or in combination,2650,2592,97.8,0.9,1977,74.6,2.6,1818,68.6,2.7
.Black alone or in combination ,152,146,96,5.8,84,55.3,14.8,70,45.6,14.8
.Asian alone or in combination,63,44,(B),(B),23,(B),(B),20,(B),(B)
ARKANSAS,,,,,,,,,,
.Total,2010,1942,96.6,0.9,1328,66.1,2.4,1140,56.7,2.5
.Male,962,926,96.3,1.4,606,63,3.5,524,54.4,3.6
.Female,1048,1015,96.9,1.2,723,69,3.2,617,58.9,3.4
.White alone,1649,1593,96.6,1,1106,67.1,2.6,966,58.6,2.7
..White non-Hispanic alone,1578,1570,99.5,0.4,1096,69.4,2.6,959,60.8,2.8
.Black alone,295,295,100,-,188,63.7,7.7,145,49.4,8
.Asian alone,24,13,(B),(B),-,(B),(B),-,(B),(B)
.Hispanic (of any race),73,25,(B),(B),10,(B),(B),7,(B),(B)
.White alone or in combination,1684,1628,96.7,1,1135,67.4,2.6,990,58.8,2.7
..White non-Hispanic alone or in combination,1613,1605,99.5,0.4,1125,69.7,2.6,983,61,2.7
.Black alone or in combination ,297,297,100,-,190,63.9,7.6,147,49.7,7.9
.Asian alone or in combination,25,14,(B),(B),-,(B),(B),-,(B),(B)
CALIFORNIA,,,,,,,,,,
.Total,26085,20693,79.3,0.9,14193,54.4,1.1,12807,49.1,1.1
.Male,12783,10042,78.6,1.3,6695,52.4,1.5,6022,47.1,1.5
.Female,13302,10651,80.1,1.2,7498,56.4,1.5,6785,51,1.5
.White alone,20083,15913,79.2,1,11286,56.2,1.2,10273,51.2,1.2
..White non-Hispanic alone,12350,11777,95.4,0.7,8976,72.7,1.4,8311,67.3,1.5
.Black alone,1678,1564,93.2,2.6,1141,68,4.8,1035,61.7,5
.Asian alone,3524,2511,71.3,3.3,1318,37.4,3.6,1113,31.6,3.4
.Hispanic (of any race),8127,4433,54.5,3,2455,30.2,2.8,2081,25.6,2.6
.White alone or in combination,20410,16234,79.5,1,11515,56.4,1.2,10468,51.3,1.2
..White non-Hispanic alone or in combination,12590,12015,95.4,0.6,9147,72.7,1.4,8453,67.1,1.4
.Black alone or in combination ,1757,1642,93.5,2.5,1193,67.9,4.6,1077,61.3,4.8
.Asian alone or in combination,3636,2620,72.1,3.2,1379,37.9,3.5,1162,31.9,3.4
COLORADO,,,,,,,,,,
.Total,3398,3109,91.5,1.1,2307,67.9,1.9,2097,61.7,1.9
.Male,1691,1546,91.4,1.6,1134,67.1,2.6,1016,60.1,2.8
.Female,1708,1563,91.5,1.6,1173,68.7,2.6,1081,63.3,2.7
.White alone,3098,2843,91.8,1.1,2162,69.8,1.9,1972,63.7,2
..White non-Hispanic alone,2561,2516,98.2,0.6,1978,77.2,1.9,1827,71.3,2.1
.Black alone,123,114,92.7,6.6,67,54.3,12.6,56,45.6,12.6
.Asian alone,87,63,(B),(B),23,(B),(B),18,(B),(B)
.Hispanic (of any race),574,361,62.9,7.3,204,35.6,7.3,165,28.8,6.9
.White alone or in combination,3153,2899,91.9,1.1,2199,69.7,1.9,2008,63.7,2
..White non-Hispanic alone or in combination,2602,2557,98.3,0.6,2004,77,1.9,1851,71.2,2.1
.Black alone or in combination ,130,121,93.1,6.2,72,55.2,12.2,57,43.9,12.2
.Asian alone or in combination,94,70,(B),(B),28,(B),(B),23,(B),(B)
CONNECTICUT,,,,,,,,,,
.Total,2606,2409,92.5,1.1,1695,65,2,1524,58.5,2
.Male,1246,1147,92.1,1.6,775,62.2,2.9,704,56.5,2.9
.Female,1359,1262,92.8,1.5,919,67.6,2.7,820,60.3,2.8
.White alone,2278,2143,94.1,1,1519,66.7,2.1,1369,60.1,2.1
..White non-Hispanic alone,2113,2018,95.5,0.9,1460,69.1,2.1,1319,62.4,2.2
.Black alone,233,207,88.8,5.2,135,57.9,8.2,117,50.2,8.3
.Asian alone,75,39,(B),(B),28,(B),(B),26,(B),(B)
.Hispanic (of any race),170,130,76.6,10.7,64,37.6,12.2,56,32.9,11.9
.White alone or in combination,2291,2156,94.1,1,1527,66.6,2.1,1376,60.1,2.1
..White non-Hispanic alone or in combination,2125,2030,95.5,0.9,1467,69,2.1,1324,62.3,2.2
.Black alone or in combination ,237,211,89,5.2,138,58.2,8.1,120,50.7,8.2
.Asian alone or in combination,75,39,(B),(B),28,(B),(B),26,(B),(B)
DELAWARE,,,,,,,,,,
.Total,612,579,94.6,1.1,415,67.7,2.3,385,62.8,2.3
.Male,292,272,93.4,1.7,189,64.9,3.3,174,59.6,3.4
.Female,320,307,95.8,1.3,225,70.3,3.1,211,65.7,3.2
.White alone,485,462,95.3,1.2,344,70.9,2.5,322,66.4,2.6
..White non-Hispanic alone,445,441,99,0.6,333,74.8,2.5,311,69.9,2.6
.Black alone,108,105,97.3,2.3,63,58.4,6.9,57,52.4,7
.Asian alone,12,5,(B),(B),3,(B),(B),3,(B),(B)
.Hispanic (of any race),44,24,(B),(B),13,(B),(B),12,(B),(B)
.White alone or in combination,488,464,95.1,1.2,346,70.9,2.5,323,66.2,2.6
..White non-Hispanic alone or in combination,447,443,99,0.6,335,74.9,2.5,312,69.9,2.6
.Black alone or in combination ,111,107,97,2.4,65,58.8,6.8,58,52.3,6.9
.Asian alone or in combination,12,6,(B),(B),3,(B),(B),3,(B),(B)
DISTRICT OF COLUMBIA,,,,,,,,,,
.Total,435,390,89.6,1.5,293,67.4,2.4,270,62,2.5
.Male,199,176,88.1,2.4,130,65,3.6,118,59.3,3.7
.Female,236,214,90.8,2,164,69.4,3.2,152,64.3,3.3
.White alone,179,149,83.3,2.9,122,68.1,3.7,116,64.8,3.8
..White non-Hispanic alone,150,140,93.5,2.1,115,77.1,3.6,110,73.4,3.8
.Black alone,240,229,95.6,1.7,163,68.2,3.8,146,61,4
.Asian alone,9,5,(B),(B),4,(B),(B),3,(B),(B)
.Hispanic (of any race),38,15,(B),(B),10,(B),(B),9,(B),(B)
.White alone or in combination,184,153,83.4,2.9,124,67.7,3.6,118,64.6,3.7
..White non-Hispanic alone or in combination,151,141,93.4,2.1,116,77.1,3.6,111,73.4,3.8
.Black alone or in combination ,242,231,95.6,1.7,165,68.4,3.8,148,61.2,4
.Asian alone or in combination,10,6,(B),(B),5,(B),(B),4,(B),(B)
FLORIDA,,,,,,,,,,
.Total,13133,11469,87.3,0.9,8219,62.6,1.3,7372,56.1,1.3
.Male,6266,5393,86.1,1.3,3784,60.4,1.9,3375,53.9,1.9
.Female,6867,6075,88.5,1.2,4434,64.6,1.7,3997,58.2,1.8
.White alone,10871,9635,88.6,0.9,7030,64.7,1.4,6349,58.4,1.4
..White non-Hispanic alone,8594,8279,96.3,0.6,6169,71.8,1.5,5577,64.9,1.6
.Black alone,1832,1490,81.3,3.3,965,52.6,4.3,815,44.5,4.2
.Asian alone,260,185,71.4,10.7,97,37.2,11.4,86,33.1,11.1
.Hispanic (of any race),2422,1444,59.6,4.7,924,38.2,4.7,824,34,4.6
.White alone or in combination,11011,9770,88.7,0.9,7135,64.8,1.4,6450,58.6,1.4
..White non-Hispanic alone or in combination,8701,8384,96.4,0.6,6251,71.8,1.5,5656,65,1.5
.Black alone or in combination ,1873,1528,81.6,3.3,994,53.1,4.2,841,44.9,4.2
.Asian alone or in combination,277,203,73.2,10.1,112,40.2,11.2,99,35.7,11
GEORGIA,,,,,,,,,,
.Total,6338,5866,92.6,1.2,3948,62.3,2.2,3332,52.6,2.3
.Male,3070,2793,91,1.9,1791,58.4,3.3,1503,49,3.3
.Female,3268,3074,94.1,1.5,2157,66,3.1,1829,56,3.2
.White alone,4390,4068,92.7,1.4,2788,63.5,2.7,2351,53.6,2.8
..White non-Hispanic alone,4051,3993,98.6,0.7,2753,68,2.7,2327,57.4,2.9
.Black alone,1688,1598,94.7,2.4,1083,64.2,5.2,919,54.4,5.4
.Asian alone,194,133,68.5,15.5,43,22.1,13.9,31,16.1,12.3
.Hispanic (of any race),376,86,22.8,12.5,36,9.6,8.8,26,7,7.6
.White alone or in combination,4431,4110,92.8,1.4,2808,63.4,2.7,2368,53.4,2.8
..White non-Hispanic alone or in combination,4093,4035,98.6,0.7,2773,67.8,2.7,2343,57.3,2.8
.Black alone or in combination ,1703,1614,94.8,2.4,1089,64,5.2,925,54.3,5.4
.Asian alone or in combination,194,133,68.5,15.5,43,22.1,13.9,31,16.1,12.3
HAWAII,,,,,,,,,,
.Total,938,852,90.8,1.4,497,53,2.3,433,46.2,2.3
.Male,448,414,92.3,1.8,228,50.9,3.4,196,43.7,3.4
.Female,490,438,89.4,2,269,54.9,3.2,237,48.4,3.3
.White alone,208,196,94,2.4,148,71.2,4.5,130,62.5,4.8
..White non-Hispanic alone,186,178,95.9,2.1,139,74.7,4.6,121,65.2,5
.Black alone,17,17,(B),(B),7,(B),(B),6,(B),(B)
.Asian alone,475,411,86.4,2.9,228,48,4.2,200,42,4.1
.Hispanic (of any race),55,48,(B),(B),23,(B),(B),19,(B),(B)
.White alone or in combination,321,309,96.1,1.6,207,64.3,3.8,181,56.4,4
..White non-Hispanic alone or in combination,284,276,97.3,1.4,190,66.8,4,166,58.4,4.2
.Black alone or in combination ,21,21,(B),(B),9,(B),(B),8,(B),(B)
.Asian alone or in combination,602,536,89.1,2.3,294,48.8,3.7,257,42.7,3.7
IDAHO,,,,,,,,,,
.Total,996,948,95.3,1,663,66.5,2.3,585,58.7,2.4
.Male,487,462,94.9,1.5,317,65.2,3.3,273,56.1,3.5
.Female,509,487,95.6,1.4,345,67.9,3.2,311,61.2,3.3
.White alone,942,897,95.3,1.1,644,68.4,2.3,571,60.7,2.5
..White non-Hispanic alone,857,848,99,0.5,626,73.1,2.3,558,65.2,2.5
.Black alone,5,5,(B),(B),-,(B),(B),-,(B),(B)
.Asian alone,15,12,(B),(B),4,(B),(B),2,(B),(B)
.Hispanic (of any race),89,53,(B),(B),19,(B),(B),14,(B),(B)
.White alone or in combination,960,916,95.4,1,654,68.1,2.3,580,60.4,2.4
..White non-Hispanic alone or in combination,872,864,99,0.5,636,72.9,2.3,567,65,2.5
.Black alone or in combination ,7,7,(B),(B),1,(B),(B),-,(B),(B)
.Asian alone or in combination,17,14,(B),(B),5,(B),(B),4,(B),(B)
ILLINOIS,,,,,,,,,,
.Total,9303,8640,92.9,0.8,6437,69.2,1.4,5672,61,1.5
.Male,4469,4143,92.7,1.1,3049,68.2,2,2640,59.1,2.2
.Female,4835,4497,93,1.1,3388,70.1,1.9,3032,62.7,2
.White alone,7648,7112,93,0.9,5376,70.3,1.5,4708,61.6,1.6
..White non-Hispanic alone,6676,6524,97.7,0.5,5037,75.4,1.5,4418,66.2,1.7
.Black alone,1277,1268,99.3,0.8,919,72,4.5,855,66.9,4.7
.Asian alone,277,201,72.5,9.9,99,35.6,10.7,75,27.1,9.9
.Hispanic (of any race),1031,608,59,7.1,343,33.2,6.8,294,28.5,6.5
.White alone or in combination,7685,7147,93,0.9,5404,70.3,1.5,4733,61.6,1.6
..White non-Hispanic alone or in combination,6714,6558,97.7,0.5,5064,75.4,1.5,4443,66.2,1.7
.Black alone or in combination ,1289,1280,99.3,0.8,926,71.8,4.4,860,66.7,4.7
.Asian alone or in combination,283,204,72.1,9.9,102,36,10.6,78,27.6,9.9
INDIANA,,,,,,,,,,
.Total,4536,4435,97.8,0.6,3031,66.8,1.9,2598,57.3,2
.Male,2182,2132,97.7,0.9,1473,67.5,2.7,1247,57.1,2.9
.Female,2354,2303,97.8,0.8,1558,66.2,2.6,1351,57.4,2.8
.White alone,4088,3999,97.8,0.6,2755,67.4,2,2364,57.8,2.1
..White non-Hispanic alone,3905,3881,99.4,0.3,2698,69.1,2,2323,59.5,2.1
.Black alone,368,368,100,-,229,62.3,8.3,198,53.8,8.5
.Asian alone,22,10,(B),(B),5,(B),(B),5,(B),(B)
.Hispanic (of any race),182,118,64.8,15.1,57,31.5,14.6,41,22.6,13.2
.White alone or in combination,4133,4044,97.8,0.6,2784,67.4,2,2386,57.7,2.1
..White non-Hispanic alone or in combination,3950,3926,99.4,0.3,2726,69,2,2344,59.3,2.1
.Black alone or in combination ,376,376,100,-,233,62,8.2,202,53.7,8.4
.Asian alone or in combination,22,10,(B),(B),5,(B),(B),5,(B),(B)
IOWA,,,,,,,,,,
.Total,2212,2136,96.6,0.8,1674,75.7,1.8,1522,68.8,2
.Male,1073,1034,96.4,1.2,788,73.5,2.7,708,66,2.9
.Female,1139,1102,96.8,1.1,886,77.8,2.5,814,71.5,2.7
.White alone,2120,2061,97.2,0.7,1620,76.4,1.9,1473,69.5,2
..White non-Hispanic alone,2052,2038,99.3,0.4,1608,78.4,1.8,1463,71.3,2
.Black alone,37,36,(B),(B),24,(B),(B),23,(B),(B)
.Asian alone,27,15,(B),(B),11,(B),(B),11,(B),(B)
.Hispanic (of any race),69,24,(B),(B),13,(B),(B),12,(B),(B)
.White alone or in combination,2136,2077,97.3,0.7,1634,76.5,1.8,1484,69.5,2
..White non-Hispanic alone or in combination,2068,2055,99.3,0.4,1622,78.5,1.8,1474,71.3,2
.Black alone or in combination ,41,40,(B),(B),28,(B),(B),26,(B),(B)
.Asian alone or in combination,30,18,(B),(B),12,(B),(B),11,(B),(B)
KANSAS,,,,,,,,,,
.Total,1990,1851,93.1,1.1,1338,67.2,2.1,1188,59.7,2.2
.Male,970,896,92.4,1.7,633,65.3,3,554,57.1,3.1
.Female,1019,955,93.7,1.5,704,69.1,2.8,633,62.1,3
.White alone,1768,1671,94.5,1.1,1224,69.2,2.1,1101,62.2,2.3
..White non-Hispanic alone,1649,1624,98.5,0.6,1198,72.7,2.1,1076,65.3,2.3
.Black alone,99,97,(B),(B),64,(B),(B),53,(B),(B)
.Asian alone,73,34,(B),(B),14,(B),(B),11,(B),(B)
.Hispanic (of any race),132,55,41.6,13.2,30,22.7,11.2,28,21.5,11
.White alone or in combination,1803,1706,94.6,1,1250,69.3,2.1,1117,62,2.2
..White non-Hispanic alone or in combination,1682,1657,98.5,0.6,1223,72.7,2.1,1091,64.9,2.3
.Black alone or in combination ,102,100,98.3,3,66,64.3,11.2,54,52.6,11.7
.Asian alone or in combination,73,34,(B),(B),14,(B),(B),11,(B),(B)
KENTUCKY,,,,,,,,,,
.Total,3042,2969,97.6,0.7,2231,73.3,2.1,1930,63.4,2.2
.Male,1454,1407,96.8,1.2,1039,71.5,3,884,60.8,3.3
.Female,1588,1562,98.4,0.8,1192,75.1,2.8,1046,65.9,3.1
.White alone,2775,2729,98.4,0.6,2041,73.6,2.2,1765,63.6,2.3
..White non-Hispanic alone,2736,2709,99,0.5,2024,74,2.2,1749,63.9,2.4
.Black alone,204,198,97.2,3.6,158,77.3,9.1,140,68.5,10.1
.Asian alone,27,6,(B),(B),6,(B),(B),6,(B),(B)
.Hispanic (of any race),44,20,(B),(B),18,(B),(B),16,(B),(B)
.White alone or in combination,2799,2754,98.4,0.6,2061,73.6,2.1,1778,63.5,2.3
..White non-Hispanic alone or in combination,2760,2733,99,0.5,2044,74,2.1,1763,63.9,2.4
.Black alone or in combination ,205,200,97.2,3.6,158,76.8,9.2,140,68,10.1
.Asian alone or in combination,27,6,(B),(B),6,(B),(B),6,(B),(B)
LOUISIANA,,,,,,,,,,
.Total,3277,3218,98.2,0.7,2413,73.6,2.2,2067,63.1,2.4
.Male,1528,1502,98.3,1,1132,74.1,3.2,963,63,3.6
.Female,1749,1716,98.1,0.9,1281,73.2,3.1,1104,63.1,3.3
.White alone,2260,2210,97.8,0.9,1697,75.1,2.6,1446,64,2.9
..White non-Hispanic alone,2191,2180,99.5,0.4,1678,76.6,2.6,1430,65.2,2.9
.Black alone,976,966,99,1.1,693,71.1,5.1,606,62.1,5.4
.Asian alone,8,8,(B),(B),2,(B),(B),2,(B),(B)
.Hispanic (of any race),68,30,(B),(B),19,(B),(B),16,(B),(B)
.White alone or in combination,2272,2223,97.8,0.9,1709,75.2,2.6,1453,64,2.9
..White non-Hispanic alone or in combination,2204,2193,99.5,0.4,1690,76.7,2.6,1437,65.2,2.9
.Black alone or in combination ,985,976,99,1.1,703,71.3,5,613,62.2,5.4
.Asian alone or in combination,8,8,(B),(B),2,(B),(B),2,(B),(B)
MAINE,,,,,,,,,,
.Total,1022,1007,98.5,0.5,824,80.6,1.6,736,72,1.8
.Male,493,484,98.2,0.8,390,79,2.4,346,70.2,2.7
.Female,529,523,98.9,0.6,434,82.1,2.2,390,73.7,2.5
.White alone,990,977,98.7,0.5,799,80.7,1.6,714,72.1,1.8
..White non-Hispanic alone,984,970,98.7,0.5,793,80.6,1.6,708,72,1.9
.Black alone,8,8,(B),(B),6,(B),(B),5,(B),(B)
.Asian alone,9,7,(B),(B),6,(B),(B),5,(B),(B)
.Hispanic (of any race),9,9,(B),(B),7,(B),(B),7,(B),(B)
.White alone or in combination,1002,989,98.7,0.5,809,80.8,1.6,723,72.2,1.8
..White non-Hispanic alone or in combination,995,982,98.7,0.5,803,80.7,1.6,717,72,1.8
.Black alone or in combination ,8,8,(B),(B),6,(B),(B),5,(B),(B)
.Asian alone or in combination,9,8,(B),(B),6,(B),(B),5,(B),(B)
MARYLAND,,,,,,,,,,
.Total,4043,3678,91,1.2,2676,66.2,2,2413,59.7,2.1
.Male,1906,1699,89.2,1.9,1221,64.1,3,1112,58.3,3.1
.Female,2137,1978,92.6,1.5,1454,68.1,2.7,1301,60.9,2.9
.White alone,2737,2529,92.4,1.4,1913,69.9,2.4,1733,63.3,2.5
..White non-Hispanic alone,2504,2449,97.8,0.8,1868,74.6,2.4,1689,67.5,2.5
.Black alone,1070,990,92.6,2.6,668,62.4,4.9,598,55.9,5
.Asian alone,168,104,61.6,12.9,52,30.7,12.2,50,29.8,12.1
.Hispanic (of any race),282,100,35.4,12.2,58,20.6,10.3,53,19,10
.White alone or in combination,2777,2557,92.1,1.4,1934,69.7,2.4,1750,63,2.5
..White non-Hispanic alone or in combination,2531,2476,97.8,0.8,1889,74.6,2.4,1706,67.4,2.5
.Black alone or in combination ,1094,1002,91.6,2.8,676,61.8,4.8,604,55.2,5
.Asian alone or in combination,172,107,62.4,12.7,55,32.1,12.3,53,30.6,12.1
MASSACHUSETTS,,,,,,,,,,
.Total,4840,4497,92.9,1,3483,72,1.8,3085,63.7,1.9
.Male,2299,2115,92,1.5,1641,71.4,2.6,1429,62.2,2.8
.Female,2541,2382,93.7,1.3,1842,72.5,2.4,1656,65.2,2.6
.White alone,4297,4049,94.2,1,3234,75.3,1.8,2880,67,2
..White non-Hispanic alone,4046,3896,96.3,0.8,3131,77.4,1.8,2807,69.4,2
.Black alone,292,273,93.5,4.8,148,50.7,9.6,127,43.5,9.6
.Asian alone,199,128,64.1,11.7,76,38.2,11.8,59,29.4,11.1
.Hispanic (of any race),323,212,65.7,11.3,140,43.5,11.8,106,32.9,11.2
.White alone or in combination,4318,4065,94.2,1,3249,75.2,1.8,2894,67,1.9
..White non-Hispanic alone or in combination,4066,3913,96.2,0.8,3145,77.4,1.8,2822,69.4,2
.Black alone or in combination ,292,273,93.5,4.8,148,50.7,9.6,127,43.5,9.6
.Asian alone or in combination,210,138,65.9,11.3,85,40.3,11.7,67,32,11.1
MICHIGAN,,,,,,,,,,
.Total,7452,7177,96.3,0.6,5364,72,1.5,4818,64.7,1.6
.Male,3604,3451,95.7,1,2519,69.9,2.2,2261,62.7,2.3
.Female,3848,3726,96.8,0.8,2845,73.9,2,2558,66.5,2.2
.White alone,6163,6023,97.7,0.5,4526,73.4,1.6,4083,66.3,1.7
..White non-Hispanic alone,5984,5895,98.5,0.5,4462,74.6,1.6,4021,67.2,1.8
.Black alone,957,928,97,1.9,676,70.7,5.2,599,62.6,5.5
.Asian alone,173,73,42.3,13.7,41,23.7,11.8,37,21.2,11.4
.Hispanic (of any race),201,144,71.3,14.5,73,36.5,15.4,71,35.5,15.3
.White alone or in combination,6230,6090,97.8,0.5,4582,73.5,1.6,4128,66.3,1.7
..White non-Hispanic alone or in combination,6051,5962,98.5,0.4,4517,74.7,1.6,4066,67.2,1.7
.Black alone or in combination ,968,940,97.1,1.9,686,70.9,5.1,609,62.9,5.4
.Asian alone or in combination,180,80,44.6,13.5,48,26.7,12,44,24.2,11.7
MINNESOTA,,,,,,,,,,
.Total,3766,3645,96.8,0.7,3080,81.8,1.6,2887,76.7,1.8
.Male,1858,1792,96.5,1.1,1471,79.2,2.4,1374,74,2.6
.Female,1908,1853,97.1,1,1608,84.3,2.1,1513,79.3,2.4
.White alone,3435,3377,98.3,0.6,2884,83.9,1.6,2703,78.7,1.8
..White non-Hispanic alone,3333,3307,99.2,0.4,2835,85,1.6,2658,79.7,1.8
.Black alone,128,107,83.3,10.1,83,64.7,13,83,64.7,13
.Asian alone,137,96,70,12.6,69,50.4,13.7,56,41.1,13.5
.Hispanic (of any race),108,73,68,17.9,53,48.9,19.2,49,45.6,19.1
.White alone or in combination,3469,3410,98.3,0.6,2908,83.8,1.6,2728,78.6,1.8
..White non-Hispanic alone or in combination,3367,3341,99.2,0.4,2860,84.9,1.6,2683,79.7,1.8
.Black alone or in combination ,136,115,84.3,9.6,91,66.8,12.4,91,66.8,12.4
.Asian alone or in combination,142,101,71.1,12.2,72,50.5,13.5,59,41.6,13.3
MISSISSIPPI,,,,,,,,,,
.Total,2081,2049,98.4,0.7,1510,72.5,2.4,1263,60.7,2.6
.Male,972,954,98.2,1,677,69.6,3.6,538,55.4,3.8
.Female,1109,1094,98.7,0.8,833,75.1,3.1,725,65.4,3.4
.White alone,1335,1310,98.1,0.9,965,72.3,3,786,58.9,3.2
..White non-Hispanic alone,1288,1285,99.7,0.4,949,73.6,3,773,60,3.3
.Black alone,698,698,100,-,531,76.1,4.7,466,66.8,5.2
.Asian alone,8,-,(B),(B),-,(B),(B),-,(B),(B)
.Hispanic (of any race),46,25,(B),(B),16,(B),(B),12,(B),(B)
.White alone or in combination,1353,1328,98.2,0.9,974,72,2.9,795,58.7,3.2
..White non-Hispanic alone or in combination,1306,1302,99.7,0.4,958,73.3,3,782,59.9,3.3
.Black alone or in combination ,700,700,100,-,533,76.2,4.7,466,66.6,5.2
.Asian alone or in combination,8,-,(B),(B),-,(B),(B),-,(B),(B)
MISSOURI,,,,,,,,,,
.Total,4243,4106,96.8,0.8,3336,78.6,1.8,2815,66.3,2
.Male,2023,1933,95.6,1.3,1540,76.1,2.7,1299,64.2,3
.Female,2219,2173,97.9,0.9,1796,80.9,2.4,1516,68.3,2.8
.White alone,3636,3538,97.3,0.8,2865,78.8,1.9,2424,66.7,2.2
..White non-Hispanic alone,3544,3483,98.3,0.6,2822,79.6,1.9,2393,67.5,2.2
.Black alone,433,433,100,-,382,88.2,5.3,324,74.7,7.1
.Asian alone,55,27,(B),(B),13,(B),(B),13,(B),(B)
.Hispanic (of any race),115,68,58.8,20.3,50,43.3,20.5,35,30.1,18.9
.White alone or in combination,3702,3604,97.4,0.7,2917,78.8,1.9,2468,66.7,2.2
..White non-Hispanic alone or in combination,3610,3549,98.3,0.6,2874,79.6,1.9,2437,67.5,2.2
.Black alone or in combination ,455,455,100,-,399,87.6,5.3,335,73.6,7.1
.Asian alone or in combination,57,29,(B),(B),15,(B),(B),15,(B),(B)
MONTANA,,,,,,,,,,
.Total,690,687,99.6,0.3,519,75.1,2.2,482,69.9,2.4
.Male,339,338,99.8,0.4,252,74.5,3.2,231,68.1,3.4
.Female,352,350,99.4,0.6,266,75.7,3.1,252,71.6,3.3
.White alone,647,646,99.8,0.2,493,76.1,2.3,461,71.1,2.4
..White non-Hispanic alone,637,636,99.8,0.3,486,76.3,2.3,456,71.5,2.4
.Black alone,-,-,(B),(B),-,(B),(B),-,(B),(B)
.Asian alone,3,1,(B),(B),-,(B),(B),-,(B),(B)
.Hispanic (of any race),12,12,(B),(B),6,(B),(B),5,(B),(B)
.White alone or in combination,657,655,99.8,0.2,498,75.9,2.3,465,70.8,2.4
..White non-Hispanic alone or in combination,646,645,99.8,0.2,492,76.1,2.3,460,71.2,2.4
.Black alone or in combination ,-,-,(B),(B),-,(B),(B),-,(B),(B)
.Asian alone or in combination,4,2,(B),(B),-,(B),(B),-,(B),(B)
NEBRASKA,,,,,,,,,,
.Total,1294,1215,93.9,1.1,918,70.9,2.1,793,61.3,2.2
.Male,628,585,93.2,1.7,431,68.7,3,367,58.4,3.2
.Female,667,630,94.5,1.4,487,73,2.8,426,64,3.1
.White alone,1181,1127,95.4,1,865,73.3,2.1,755,63.9,2.3
..White non-Hispanic alone,1089,1084,99.6,0.3,845,77.6,2.1,741,68.1,2.3
.Black alone,51,47,(B),(B),31,(B),(B),21,(B),(B)
.Asian alone,16,7,(B),(B),2,(B),(B),2,(B),(B)
.Hispanic (of any race),119,56,47.2,11.8,27,23,10,19,16.2,8.7
.White alone or in combination,1198,1143,95.4,1,877,73.2,2.1,762,63.6,2.3
..White non-Hispanic alone or in combination,1103,1099,99.6,0.3,854,77.4,2.1,748,67.8,2.3
.Black alone or in combination ,53,49,(B),(B),31,(B),(B),21,(B),(B)
.Asian alone or in combination,16,7,(B),(B),2,(B),(B),2,(B),(B)
NEVADA,,,,,,,,,,
.Total,1699,1477,87,1.4,965,56.8,2,871,51.3,2
.Male,856,743,86.8,1.9,471,55,2.8,421,49.2,2.9
.Female,842,734,87.1,1.9,494,58.7,2.8,450,53.4,2.9
.White alone,1445,1260,87.2,1.5,844,58.4,2.2,763,52.8,2.2
..White non-Hispanic alone,1168,1123,96.1,0.9,770,65.9,2.3,696,59.6,2.4
.Black alone,113,108,95.7,3.8,61,54.1,9.5,56,49.6,9.5
.Asian alone,84,64,(B),(B),31,(B),(B),29,(B),(B)
.Hispanic (of any race),301,151,50.2,7.6,83,27.6,6.8,72,23.8,6.4
.White alone or in combination,1465,1280,87.4,1.4,859,58.7,2.1,775,52.9,2.2
..White non-Hispanic alone or in combination,1182,1137,96.2,0.9,780,66,2.3,705,59.7,2.4
.Black alone or in combination ,122,117,96,3.6,69,56.8,9.1,63,52,9.2
.Asian alone or in combination,88,68,(B),(B),35,(B),(B),32,(B),(B)
NEW HAMPSHIRE,,,,,,,,,,
.Total,982,948,96.5,0.8,716,72.9,1.9,677,68.9,2
.Male,479,461,96.1,1.2,341,71.2,2.7,320,66.7,2.9
.Female,503,487,96.8,1,375,74.6,2.6,358,71.1,2.7
.White alone,943,922,97.7,0.6,699,74.1,1.9,663,70.3,2
..White non-Hispanic alone,932,914,98,0.6,695,74.5,1.9,659,70.6,2
.Black alone,6,3,(B),(B),2,(B),(B),1,(B),(B)
.Asian alone,17,8,(B),(B),5,(B),(B),5,(B),(B)
.Hispanic (of any race),11,9,(B),(B),5,(B),(B),5,(B),(B)
.White alone or in combination,956,935,97.8,0.6,708,74,1.9,670,70.1,2
..White non-Hispanic alone or in combination,945,926,98,0.6,703,74.4,1.9,665,70.4,2
.Black alone or in combination ,7,4,(B),(B),3,(B),(B),2,(B),(B)
.Asian alone or in combination,18,9,(B),(B),6,(B),(B),6,(B),(B)
NEW JERSEY,,,,,,,,,,
.Total,6413,5591,87.2,1.1,4085,63.7,1.6,3693,57.6,1.7
.Male,3052,2621,85.9,1.7,1852,60.7,2.4,1676,54.9,2.4
.Female,3361,2971,88.4,1.5,2233,66.4,2.2,2017,60,2.3
.White alone,5174,4621,89.3,1.2,3410,65.9,1.8,3086,59.7,1.8
..White non-Hispanic alone,4354,4189,96.2,0.8,3108,71.4,1.9,2839,65.2,2
.Black alone,845,732,86.7,3.8,523,61.9,5.5,462,54.7,5.6
.Asian alone,335,194,58.1,9.2,115,34.3,8.9,107,32.1,8.7
.Hispanic (of any race),906,475,52.4,7.1,331,36.6,6.8,277,30.6,6.5
.White alone or in combination,5227,4658,89.1,1.2,3443,65.9,1.8,3120,59.7,1.8
..White non-Hispanic alone or in combination,4374,4210,96.2,0.8,3125,71.4,1.8,2856,65.3,1.9
.Black alone or in combination ,858,745,86.9,3.8,535,62.3,5.4,473,55.2,5.6
.Asian alone or in combination,337,197,58.3,9.2,115,34.1,8.8,107,31.8,8.7
NEW MEXICO,,,,,,,,,,
.Total,1375,1301,94.6,1.2,936,68.1,2.4,837,60.9,2.5
.Male,658,621,94.4,1.7,436,66.2,3.5,392,59.6,3.7
.Female,717,680,94.7,1.6,501,69.8,3.3,445,62,3.5
.White alone,1151,1087,94.4,1.3,792,68.8,2.6,715,62.1,2.7
..White non-Hispanic alone,660,653,98.9,0.8,509,77.1,3.1,471,71.4,3.4
.Black alone,34,34,(B),(B),23,(B),(B),23,(B),(B)
.Asian alone,11,3,(B),(B),3,(B),(B),3,(B),(B)
.Hispanic (of any race),544,486,89.2,4,316,58,6.4,276,50.6,6.4
.White alone or in combination,1181,1115,94.4,1.3,807,68.3,2.6,728,61.7,2.7
..White non-Hispanic alone or in combination,677,669,98.9,0.8,519,76.7,3.1,480,70.9,3.3
.Black alone or in combination ,39,39,(B),(B),26,(B),(B),26,(B),(B)
.Asian alone or in combination,11,3,(B),(B),3,(B),(B),3,(B),(B)
NEW YORK,,,,,,,,,,
.Total,14492,12779,88.2,0.8,8624,59.5,1.2,7698,53.1,1.2
.Male,6865,6043,88,1.1,3965,57.8,1.7,3561,51.9,1.7
.Female,7627,6736,88.3,1,4659,61.1,1.6,4137,54.2,1.6
.White alone,11055,10122,91.6,0.7,7090,64.1,1.3,6366,57.6,1.3
..White non-Hispanic alone,9389,9005,95.9,0.6,6457,68.8,1.4,5846,62.3,1.4
.Black alone,2354,1924,81.7,2.7,1188,50.5,3.5,1042,44.3,3.5
.Asian alone,939,614,65.3,5.5,287,30.5,5.4,241,25.7,5.1
.Hispanic (of any race),1976,1346,68.1,4.7,754,38.2,4.8,613,31,4.6
.White alone or in combination,11130,10190,91.6,0.7,7118,64,1.3,6389,57.4,1.3
..White non-Hispanic alone or in combination,9444,9059,95.9,0.6,6485,68.7,1.3,5870,62.2,1.4
.Black alone or in combination ,2421,1981,81.8,2.7,1203,49.7,3.5,1055,43.6,3.4
.Asian alone or in combination,953,627,65.8,5.5,297,31.2,5.4,246,25.8,5.1
NORTH CAROLINA,,,,,,,,,,
.Total,6250,5923,94.8,0.8,4292,68.7,1.7,3639,58.2,1.8
.Male,2979,2806,94.2,1.3,1958,65.7,2.6,1626,54.6,2.7
.Female,3271,3117,95.3,1.1,2334,71.3,2.3,2013,61.5,2.5
.White alone,4709,4461,94.7,1,3268,69.4,2,2736,58.1,2.1
..White non-Hispanic alone,4408,4355,98.8,0.5,3227,73.2,2,2713,61.5,2.2
.Black alone,1241,1213,97.7,1.5,874,70.4,4.6,784,63.1,4.9
.Asian alone,125,85,67.6,15.6,43,34.4,15.8,43,34.4,15.8
.Hispanic (of any race),327,109,33.4,12.1,44,13.4,8.7,27,8.2,7
.White alone or in combination,4750,4502,94.8,1,3296,69.4,2,2758,58.1,2.1
..White non-Hispanic alone or in combination,4449,4396,98.8,0.5,3255,73.2,2,2735,61.5,2.2
.Black alone or in combination ,1259,1230,97.7,1.5,887,70.4,4.6,792,62.9,4.9
.Asian alone or in combination,130,89,68.7,15.2,47,36.5,15.8,47,36.5,15.8
NORTH DAKOTA,,,,,,,,,,
.Total,466,462,99.1,0.5,412,88.5,1.5,330,70.8,2.1
.Male,228,226,99.3,0.6,199,87.6,2.2,158,69.2,3.1
.Female,238,235,98.8,0.7,213,89.3,2,172,72.4,2.9
.White alone,443,440,99.4,0.4,393,88.8,1.5,318,71.9,2.2
..White non-Hispanic alone,439,436,99.4,0.4,390,89,1.5,317,72.3,2.2
.Black alone,3,3,(B),(B),2,(B),(B),1,(B),(B)
.Asian alone,-,-,(B),(B),-,(B),(B),-,(B),(B)
.Hispanic (of any race),6,6,(B),(B),4,(B),(B),2,(B),(B)
.White alone or in combination,447,444,99.3,0.4,397,88.7,1.5,321,71.8,2.2
..White non-Hispanic alone or in combination,442,439,99.3,0.4,393,89,1.5,319,72.2,2.2
.Black alone or in combination ,4,4,(B),(B),3,(B),(B),2,(B),(B)
.Asian alone or in combination,-,-,(B),(B),-,(B),(B),-,(B),(B)
OHIO,,,,,,,,,,
.Total,8469,8305,98.1,0.5,6003,70.9,1.5,5485,64.8,1.6
.Male,4037,3953,97.9,0.7,2813,69.7,2.2,2581,63.9,2.3
.Female,4432,4352,98.2,0.6,3190,72,2,2905,65.5,2.1
.White alone,7381,7263,98.4,0.4,5268,71.4,1.6,4802,65.1,1.7
..White non-Hispanic alone,7188,7149,99.4,0.3,5179,72,1.6,4723,65.7,1.7
.Black alone,895,876,97.9,1.8,630,70.3,5.5,586,65.5,5.8
.Asian alone,73,45,(B),(B),20,(B),(B),20,(B),(B)
.Hispanic (of any race),209,130,62.5,15.8,100,47.7,16.3,90,43.1,16.2
.White alone or in combination,7460,7342,98.4,0.4,5318,71.3,1.6,4844,64.9,1.7
..White non-Hispanic alone or in combination,7257,7218,99.5,0.3,5222,72,1.6,4757,65.5,1.7
.Black alone or in combination ,923,904,97.9,1.7,648,70.3,5.5,603,65.3,5.7
.Asian alone or in combination,80,52,(B),(B),25,(B),(B),25,(B),(B)
OKLAHOMA,,,,,,,,,,
.Total,2602,2476,95.2,1,1781,68.4,2.2,1541,59.2,2.3
.Male,1247,1184,94.9,1.5,844,67.7,3.2,724,58,3.3
.Female,1355,1292,95.4,1.4,937,69.2,3,818,60.3,3.2
.White alone,2031,1946,95.8,1.1,1450,71.4,2.4,1271,62.6,2.6
..White non-Hispanic alone,1925,1902,98.8,0.6,1423,73.9,2.4,1248,64.8,2.6
.Black alone,190,183,96,4.1,118,61.8,10.2,104,54.7,10.5
.Asian alone,34,17,(B),(B),10,(B),(B),5,(B),(B)
.Hispanic (of any race),135,57,42.6,16,29,21.7,13.4,25,18.9,12.7
.White alone or in combination,2232,2131,95.5,1.1,1573,70.4,2.3,1366,61.2,2.5
..White non-Hispanic alone or in combination,2102,2078,98.9,0.6,1543,73.4,2.3,1341,63.8,2.5
.Black alone or in combination ,204,196,96.2,3.9,123,60.3,9.9,110,53.7,10.1
.Asian alone or in combination,36,19,(B),(B),10,(B),(B),5,(B),(B)
OREGON,,,,,,,,,,
.Total,2727,2600,95.3,0.9,2049,75.2,1.9,1924,70.6,2
.Male,1340,1266,94.5,1.5,972,72.5,2.8,911,68,3
.Female,1387,1333,96.1,1.2,1078,77.7,2.6,1013,73,2.8
.White alone,2498,2405,96.3,0.9,1941,77.7,1.9,1824,73,2.1
..White non-Hispanic alone,2348,2334,99.4,0.4,1902,81,1.9,1791,76.2,2
.Black alone,48,48,(B),(B),21,(B),(B),21,(B),(B)
.Asian alone,103,81,78.7,11.9,41,39.4,14.2,39,37.6,14
.Hispanic (of any race),165,79,47.9,14.2,41,25,12.4,36,21.7,11.8
.White alone or in combination,2540,2446,96.3,0.9,1970,77.6,1.9,1853,72.9,2.1
..White non-Hispanic alone or in combination,2386,2372,99.4,0.4,1929,80.8,1.9,1817,76.1,2
.Black alone or in combination ,52,52,(B),(B),26,(B),(B),26,(B),(B)
.Asian alone or in combination,111,90,80.3,11.1,47,41.9,13.8,44,39.4,13.6
PENNSYLVANIA,,,,,,,,,,
.Total,9356,9055,96.8,0.5,6481,69.3,1.4,5845,62.5,1.4
.Male,4467,4311,96.5,0.8,3052,68.3,2,2740,61.3,2.1
.Female,4889,4743,97,0.7,3429,70.1,1.9,3105,63.5,2
.White alone,8218,8036,97.8,0.5,5853,71.2,1.4,5291,64.4,1.5
..White non-Hispanic alone,7998,7886,98.6,0.4,5769,72.1,1.4,5209,65.1,1.5
.Black alone,853,816,95.6,2.4,523,61.3,5.8,474,55.6,5.9
.Asian alone,210,135,64.3,12,60,28.7,11.4,43,20.5,10.1
.Hispanic (of any race),255,179,70.3,13,95,37.5,13.7,88,34.5,13.5
.White alone or in combination,8259,8077,97.8,0.5,5884,71.2,1.4,5316,64.4,1.5
..White non-Hispanic alone or in combination,8038,7927,98.6,0.4,5800,72.2,1.4,5234,65.1,1.5
.Black alone or in combination ,889,851,95.8,2.3,549,61.8,5.7,500,56.3,5.8
.Asian alone or in combination,210,135,64.3,12,60,28.7,11.4,43,20.5,10.1
RHODE ISLAND,,,,,,,,,,
.Total,813,732,90,1.2,522,64.2,1.9,467,57.4,2
.Male,385,342,88.9,1.8,236,61.3,2.8,213,55.4,2.9
.Female,428,390,91.1,1.6,286,66.7,2.6,253,59.2,2.7
.White alone,732,681,93.1,1.1,494,67.4,2,442,60.4,2
..White non-Hispanic alone,680,655,96.4,0.8,478,70.3,2,431,63.3,2.1
.Black alone,46,34,(B),(B),19,(B),(B),17,(B),(B)
.Asian alone,27,11,(B),(B),5,(B),(B),5,(B),(B)
.Hispanic (of any race),58,28,(B),(B),17,(B),(B),13,(B),(B)
.White alone or in combination,735,684,93.1,1.1,496,67.4,2,444,60.4,2
..White non-Hispanic alone or in combination,683,658,96.3,0.8,480,70.3,2,432,63.3,2.1
.Black alone or in combination ,48,36,(B),(B),21,(B),(B),18,(B),(B)
.Asian alone or in combination,28,11,(B),(B),5,(B),(B),5,(B),(B)
SOUTH CAROLINA,,,,,,,,,,
.Total,3061,3002,98.1,0.6,2238,73.1,2.1,1899,62,2.3
.Male,1441,1408,97.7,1,1009,70,3.1,862,59.8,3.3
.Female,1620,1594,98.4,0.8,1230,75.9,2.7,1037,64,3.1
.White alone,2188,2132,97.5,0.9,1627,74.4,2.4,1387,63.4,2.6
..White non-Hispanic alone,2142,2120,98.9,0.6,1617,75.5,2.4,1377,64.3,2.7
.Black alone,837,834,99.6,0.6,595,71.1,4.9,498,59.5,5.3
.Asian alone,4,4,(B),(B),-,(B),(B),-,(B),(B)
.Hispanic (of any race),52,16,(B),(B),13,(B),(B),13,(B),(B)
.White alone or in combination,2208,2153,97.5,0.9,1636,74.1,2.4,1394,63.1,2.6
..White non-Hispanic alone or in combination,2163,2140,99,0.6,1626,75.2,2.4,1384,64,2.7
.Black alone or in combination ,843,840,99.6,0.6,599,71.1,4.9,500,59.3,5.3
.Asian alone or in combination,4,4,(B),(B),-,(B),(B),-,(B),(B)
SOUTH DAKOTA,,,,,,,,,,
.Total,564,554,98.2,0.6,425,75.5,1.8,378,67.1,2
.Male,275,269,98,0.9,196,71.4,2.8,174,63.3,3
.Female,289,284,98.4,0.7,229,79.3,2.4,204,70.6,2.7
.White alone,530,524,98.9,0.5,408,77,1.9,366,69,2
..White non-Hispanic alone,521,519,99.6,0.3,405,77.8,1.9,363,69.6,2.1
.Black alone,2,1,(B),(B),-,(B),(B),-,(B),(B)
.Asian alone,7,4,(B),(B),1,(B),(B),1,(B),(B)
.Hispanic (of any race),10,6,(B),(B),4,(B),(B),4,(B),(B)
.White alone or in combination,535,530,98.9,0.5,412,76.9,1.9,368,68.6,2
..White non-Hispanic alone or in combination,527,525,99.6,0.3,409,77.6,1.8,365,69.2,2
.Black alone or in combination ,3,2,(B),(B),1,(B),(B),1,(B),(B)
.Asian alone or in combination,7,4,(B),(B),1,(B),(B),1,(B),(B)
TENNESSEE,,,,,,,,,,
.Total,4402,4250,96.5,0.9,2739,62.2,2.4,2319,52.7,2.5
.Male,2118,2035,96.1,1.4,1262,59.6,3.5,1075,50.8,3.6
.Female,2283,2215,97,1.2,1477,64.7,3.3,1243,54.5,3.4
.White alone,3655,3550,97.1,0.9,2288,62.6,2.6,1954,53.5,2.7
..White non-Hispanic alone,3548,3510,99,0.6,2273,64.1,2.6,1945,54.8,2.7
.Black alone,651,638,98,2.2,416,63.9,7.5,334,51.3,7.8
.Asian alone,29,6,(B),(B),6,(B),(B),6,(B),(B)
.Hispanic (of any race),128,48,37.3,22,16,12.3,15,9,7.2,11.8
.White alone or in combination,3695,3585,97,0.9,2309,62.5,2.6,1971,53.3,2.7
..White non-Hispanic alone or in combination,3582,3545,99,0.6,2294,64,2.6,1962,54.8,2.7
.Black alone or in combination ,651,638,98,2.2,416,63.9,7.5,334,51.3,7.8
.Asian alone or in combination,29,6,(B),(B),6,(B),(B),6,(B),(B)
TEXAS,,,,,,,,,,
.Total,15813,13925,88.1,0.9,9681,61.2,1.3,7950,50.3,1.3
.Male,7667,6689,87.2,1.3,4548,59.3,1.9,3684,48.1,1.9
.Female,8146,7237,88.8,1.2,5133,63,1.8,4266,52.4,1.8
.White alone,13246,11639,87.9,0.9,8148,61.5,1.4,6706,50.6,1.4
..White non-Hispanic alone,8246,8107,98.3,0.5,6065,73.6,1.6,5232,63.4,1.8
.Black alone,1669,1613,96.7,1.8,1141,68.4,4.6,931,55.8,4.9
.Asian alone,508,356,70,8.5,190,37.5,9,152,29.9,8.5
.Hispanic (of any race),5232,3688,70.5,3.3,2170,41.5,3.5,1533,29.3,3.3
.White alone or in combination,13490,11826,87.7,0.9,8282,61.4,1.4,6808,50.5,1.4
..White non-Hispanic alone or in combination,8370,8225,98.3,0.5,6144,73.4,1.6,5292,63.2,1.7
.Black alone or in combination ,1721,1662,96.6,1.8,1173,68.2,4.5,955,55.5,4.8
.Asian alone or in combination,535,376,70.3,8.2,199,37.2,8.7,160,30,8.3
UTAH,,,,,,,,,,
.Total,1629,1508,92.5,1.2,1141,70.1,2.2,1022,62.8,2.3
.Male,811,745,91.9,1.8,547,67.5,3.1,494,60.9,3.3
.Female,818,763,93.2,1.7,594,72.6,3,529,64.6,3.2
.White alone,1561,1469,94.1,1.1,1120,71.7,2.2,1003,64.3,2.3
..White non-Hispanic alone,1461,1404,96.1,1,1094,74.9,2.2,979,67,2.4
.Black alone,10,6,(B),(B),5,(B),(B),5,(B),(B)
.Asian alone,32,15,(B),(B),8,(B),(B),8,(B),(B)
.Hispanic (of any race),104,67,64.3,14.1,28,27,13.1,27,25.8,12.9
.White alone or in combination,1569,1476,94,1.1,1125,71.7,2.2,1007,64.2,2.3
..White non-Hispanic alone or in combination,1466,1409,96.1,1,1097,74.8,2.2,981,66.9,2.4
.Black alone or in combination ,11,7,(B),(B),6,(B),(B),5,(B),(B)
.Asian alone or in combination,33,16,(B),(B),8,(B),(B),8,(B),(B)
VERMONT,,,,,,,,,,
.Total,482,469,97.2,0.7,354,73.5,1.9,316,65.4,2
.Male,233,228,97.5,1,168,72.1,2.7,147,63.2,3
.Female,249,241,96.9,1,186,74.7,2.6,168,67.6,2.8
.White alone,463,454,98,0.6,344,74.4,1.9,308,66.5,2.1
..White non-Hispanic alone,460,450,98,0.6,342,74.4,1.9,306,66.5,2.1
.Black alone,2,1,(B),(B),-,(B),(B),-,(B),(B)
.Asian alone,7,3,(B),(B),2,(B),(B),1,(B),(B)
.Hispanic (of any race),3,3,(B),(B),2,(B),(B),2,(B),(B)
.White alone or in combination,471,461,98.1,0.6,350,74.4,1.9,312,66.3,2
..White non-Hispanic alone or in combination,467,458,98,0.6,348,74.4,1.9,310,66.3,2
.Black alone or in combination ,2,1,(B),(B),-,(B),(B),-,(B),(B)
.Asian alone or in combination,8,4,(B),(B),2,(B),(B),2,(B),(B)
VIRGINIA,,,,,,,,,,
.Total,5364,4971,92.7,1.2,3441,64.1,2.1,3134,58.4,2.2
.Male,2538,2325,91.6,1.8,1584,62.4,3.1,1444,56.9,3.2
.Female,2826,2646,93.7,1.5,1856,65.7,2.9,1690,59.8,3
.White alone,4101,3863,94.2,1.2,2798,68.2,2.4,2586,63,2.4
..White non-Hispanic alone,3814,3741,98.1,0.7,2731,71.6,2.4,2525,66.2,2.5
.Black alone,961,915,95.2,2.7,551,57.4,6.3,477,49.6,6.3
.Asian alone,251,149,59.5,12.7,58,23,10.9,43,17.3,9.8
.Hispanic (of any race),301,135,45,14.6,78,26,12.9,70,23.1,12.4
.White alone or in combination,4129,3890,94.2,1.2,2819,68.3,2.3,2604,63.1,2.4
..White non-Hispanic alone or in combination,3836,3764,98.1,0.7,2749,71.7,2.4,2543,66.3,2.5
.Black alone or in combination ,972,926,95.2,2.7,560,57.6,6.2,481,49.5,6.3
.Asian alone or in combination,255,153,60,12.6,61,24.1,11,45,17.6,9.8
WASHINGTON,,,,,,,,,,
.Total,4596,4220,91.8,1.2,3133,68.2,2,2851,62,2.1
.Male,2214,2031,91.7,1.7,1488,67.2,3,1343,60.7,3.1
.Female,2382,2190,91.9,1.7,1645,69,2.8,1508,63.3,2.9
.White alone,3792,3584,94.5,1.1,2722,71.8,2.2,2497,65.9,2.3
..White non-Hispanic alone,3584,3483,97.2,0.8,2674,74.6,2.2,2461,68.7,2.3
.Black alone,141,141,100,-,80,56.7,15,67,47.6,15.1
.Asian alone,404,257,63.7,9,159,39.4,9.1,147,36.3,9
.Hispanic (of any race),248,120,48.4,14.8,56,22.4,12.4,44,17.6,11.3
.White alone or in combination,3941,3728,94.6,1.1,2842,72.1,2.1,2592,65.8,2.2
..White non-Hispanic alone or in combination,3720,3619,97.3,0.8,2791,75,2.1,2553,68.6,2.3
.Black alone or in combination ,175,167,95.3,5.7,99,56.8,13.5,83,47.5,13.6
.Asian alone or in combination,443,297,66.9,8.4,191,43.2,8.8,169,38.1,8.7
WEST VIRGINIA,,,,,,,,,,
.Total,1395,1394,99.9,0.1,935,67,2.1,798,57.2,2.2
.Male,676,676,100,-,434,64.2,3,367,54.3,3.2
.Female,720,718,99.8,0.2,502,69.7,2.8,431,59.8,3
.White alone,1331,1330,99.9,0.1,897,67.4,2.1,765,57.5,2.2
..White non-Hispanic alone,1326,1325,99.9,0.1,896,67.5,2.1,764,57.6,2.2
.Black alone,42,42,(B),(B),23,(B),(B),20,(B),(B)
.Asian alone,5,5,(B),(B),3,(B),(B),2,(B),(B)
.Hispanic (of any race),5,5,(B),(B),1,(B),(B),1,(B),(B)
.White alone or in combination,1345,1344,99.9,0.1,907,67.5,2.1,775,57.6,2.2
..White non-Hispanic alone or in combination,1340,1339,99.9,0.1,906,67.6,2.1,774,57.7,2.2
.Black alone or in combination ,46,46,(B),(B),26,(B),(B),22,(B),(B)
.Asian alone or in combination,5,5,(B),(B),3,(B),(B),2,(B),(B)
WISCONSIN,,,,,,,,,,
.Total,4126,3928,95.2,0.8,3225,78.2,1.6,3010,73,1.8
.Male,2017,1918,95.1,1.2,1551,76.9,2.4,1449,71.9,2.6
.Female,2109,2010,95.3,1.2,1675,79.4,2.3,1561,74,2.4
.White alone,3793,3640,96,0.8,3019,79.6,1.7,2816,74.2,1.8
..White non-Hispanic alone,3601,3546,98.5,0.5,2952,82,1.6,2754,76.5,1.8
.Black alone,195,191,98.3,2.9,141,72.6,9.9,133,68.1,10.3
.Asian alone,85,46,(B),(B),24,(B),(B),24,(B),(B)
.Hispanic (of any race),203,99,48.7,14.1,72,35.5,13.5,67,33,13.2
.White alone or in combination,3825,3669,95.9,0.8,3042,79.5,1.7,2838,74.2,1.8
..White non-Hispanic alone or in combination,3628,3574,98.5,0.5,2973,81.9,1.6,2774,76.5,1.8
.Black alone or in combination ,204,201,98.4,2.7,149,73,9.6,140,68.7,10
.Asian alone or in combination,86,48,(B),(B),26,(B),(B),26,(B),(B)
WYOMING,,,,,,,,,,
.Total,373,370,99.1,0.4,265,71,2.1,247,66.3,2.2
.Male,187,185,98.8,0.7,129,69.2,3,122,65,3.1
.Female,186,185,99.4,0.5,135,72.8,2.9,126,67.6,3.1
.White alone,358,356,99.4,0.4,258,72,2.1,241,67.4,2.2
..White non-Hispanic alone,339,339,99.9,0.1,247,72.9,2.2,231,68.2,2.3
.Black alone,3,2,(B),(B),1,(B),(B),1,(B),(B)
.Asian alone,2,2,(B),(B),-,(B),(B),-,(B),(B)
.Hispanic (of any race),20,17,(B),(B),11,(B),(B),10,(B),(B)
.White alone or in combination,364,362,99.4,0.4,261,71.7,2.1,244,67,2.2
..White non-Hispanic alone or in combination,345,345,99.9,0.1,250,72.4,2.1,234,67.7,2.2
.Black alone or in combination ,3,2,(B),(B),1,(B),(B),1,(B),(B)
.Asian alone or in combination,3,3,(B),(B),1,(B),(B),1,(B),(B)
,,,,,,,,,,
Footnotes:,,,,,,,,,,
1This figure added to or subtracted from the estimate provides the 90-percent confidence interval.,,,,,,,,,,
Note: The symbol (B) means that the base is too small to show the derived measure.,,,,,,,,,,
"Note: "" - "" Represents zero or rounds to zero.",,,,,,,,,,
,,,,,,,,,,
"Source: U.S. Census Bureau, Current Population Survey, November 2004.",,,,,,,,,,
"Internet Release date: May 25, 2005",,,,,,,,,,
